event_type,step_count,episode_reward,robot_x,robot_y,goal_x,goal_y,goal_dist
timeout,150,-40.1857161561528,1.233769604336355,-0.16581116939459115,4.956899760055446,1.3299580944422067,4.012358888118527
timeout,150,-31.597050521126715,1.8470695269255275,0.391643562364637,4.057759029676068,1.2289586159521348,2.3639468218502007
timeout,150,-47.11020393800607,0.18805928504471997,-0.013435685257437527,4.2362059488982515,1.035797055504061,4.181911136831384
