event_type,step_count,episode_reward,robot_x,robot_y,goal_x,goal_y,goal_dist
timeout,150,-34.896643917307145,1.6823258648772548,0.07399919023806562,4.7478773513044805,1.0336964621877507,3.21226162846737
timeout,150,-37.94084972723478,1.4319479092722351,-0.018942853302955403,4.8030178026987596,1.4280965525643992,3.6685194927245055
timeout,150,-35.41988966422173,1.635898342432904,0.13769193600781712,4.709712532682433,1.33339136892168,3.298185987789333
timeout,150,-34.17933372233224,1.5736019622584954,0.6086144134735797,4.405321633782388,1.5740256043245382,2.9917645404536186
timeout,150,-34.408881400356876,1.9652508960722126,0.3317960132821535,4.31262232178647,1.8428299471107956,2.7916618991993722
