event_type,step_count,episode_reward,robot_x,robot_y,goal_x,goal_y,goal_dist
timeout,150,-40.01085280578799,1.1545472774891061,-0.0038624519113335943,4.121316064410131,1.9269665965913432,3.539748274890546
timeout,150,-36.66525580118289,1.4307965980065434,0.10934968093488019,4.452242473545,1.226225608074742,3.2212648160983095
