event_type,step_count,episode_reward,robot_x,robot_y,goal_x,goal_y,goal_dist
collision,112,-62.0984477051686,0.8221913254345882,0.03874859370321334,4.344610940701252,1.408043953135289,3.7792075528313567
collision,86,-58.75850213104805,0.6831958273162695,-0.25280783002730817,4.26841542653428,1.2614977201442246,3.89190453041917
timeout,150,-89.95999047294443,0.6459524007361997,-0.02567392202723803,4.434951609025552,1.0175192837717324,3.9299830871191377
