event_type,step_count,episode_reward,robot_x,robot_y,goal_x,goal_y,goal_dist
timeout,150,-35.96150927873603,1.6463545338524286,0.2489548141203347,4.95208947532779,1.0419741023828473,3.3995239512095656
timeout,150,-41.07127131270769,0.9877203011744864,-0.2100181547496305,4.228025362238461,1.2191128700181144,3.5414675453419746
timeout,150,-36.18001790748842,1.672026441246365,0.04954889254195221,4.92446534978564,1.5984274538952539,3.602413586971938
collision,83,-59.13278573649069,0.6992473766142799,-0.2091135861451225,4.561373349288655,1.6023322826447686,4.265835576339288
timeout,150,-37.30641541861027,1.5575064596764416,-0.17502771742508386,4.590140192053062,1.4673324414111726,3.4487989570401467
timeout,150,-36.73253356027848,1.3731199057131043,0.16795727861599774,4.198311771654977,1.3798284127238558,3.0741406482247986
timeout,150,-34.533596148754086,1.574015724843351,0.38714271335040035,4.266417801148575,1.473265126299205,2.9032207694907415
timeout,150,-39.68952779667812,1.5826170603958465,0.7235593053593633,4.469060593832251,1.8871451393394465,3.112151709791147
