event_type,step_count,episode_reward,robot_x,robot_y,goal_x,goal_y,goal_dist
timeout,150,-32.45103758402537,2.3482831755080342,-0.17903298062939182,4.221865819633571,1.8134352061065755,2.7350029980830644
timeout,150,-33.7066436924443,2.00284353212074,-0.013068184229117475,4.531205258982836,1.7374413340076074,3.0752067565122267
