event_type,step_count,episode_reward,robot_x,robot_y,goal_x,goal_y,goal_dist
collision,27,-51.595646203056,0.5464677419877226,-0.0007479459051252526,4.083078336250293,1.148357646062363,3.718609707530652
collision,33,-55.383930643838454,0.49746555797803843,-0.05308140972674008,4.476764920967003,1.5006794484277564,4.27188438802098
timeout,150,-27.29625287962574,2.4232857764522535,0.6455562274013087,4.744543793295161,1.3415582242169901,2.4233566721242017
timeout,150,-30.631609443721434,2.3420043288881423,-0.2505732600515268,4.910124816086949,1.0000822565012473,2.856463207859349
collision,51,-56.73923557777755,0.5341824028117576,-0.11185173197598122,4.131285399923263,1.2182003051034909,3.8351256033105128
