event_type,step_count,episode_reward,robot_x,robot_y,goal_x,goal_y,goal_dist
timeout,150,-50.11916962174269,0.0,0.0,4.69909862885674,1.8755987136583623,5.059584810871362
timeout,150,-50.660572247414585,0.0,0.0,4.966757120970162,1.9347542122654477,5.33028612370731
timeout,150,-50.09808269021209,0.0,0.0,4.815019059210472,1.5193452418822875,5.049041345106063
