event_type,step_count,episode_reward,robot_x,robot_y,goal_x,goal_y,goal_dist
timeout,150,-46.80229552340819,1.676247886145755,0.4218060135373728,4.735748421141232,1.240730320237529,3.167203899931601
timeout,150,-38.46082193576883,1.3679393683838683,-0.03769195046185219,4.486088852487809,1.6553006402507502,3.5481093722467802
timeout,150,-34.32055870047642,1.5972677552078904,0.21337579972926785,4.2012402362534065,1.0670111021876223,2.7403222277034334
timeout,150,-36.257903377741,1.6737495943025489,-0.078085561336326,4.729461893025166,1.5183195712990183,3.4475914781292074
collision,129,-65.72001182920555,0.9467672766088873,-0.2138643600950141,4.769512967360647,1.5335537079747523,4.20319575094687
timeout,150,-36.51487293858102,1.3998814483287532,0.23543489934365505,4.460180745720962,1.1630456872894008,3.197795109686137
collision,44,-58.426048599462376,0.4063754355900036,-0.06199683626320583,4.750928654994438,1.5992772701435518,4.651341132711619
collision,59,-56.224257436900174,0.6175571548962268,-0.06989407094794844,4.566588744525689,1.6103857150414707,4.291641953273368
timeout,150,-44.69433000251846,0.4860409809798153,-0.011219970055197478,4.125775754135925,1.457338166625303,3.92483531116049
