event_type,step_count,episode_reward,robot_x,robot_y,goal_x,goal_y,goal_dist
timeout,150,-37.73195968024289,1.4672689250262427,0.0449357752033521,4.582500658472313,1.8080383742701551,3.579552978781781
collision,147,-67.65292425797666,0.9509646875675046,-0.3208667647283055,4.84731215840139,1.9407255071991316,4.505144084034996
timeout,150,-42.33674497943414,0.9426303765004929,-0.1303930333609457,4.955381761682738,1.1822919816874857,4.222003745618273
