event_type,step_count,episode_reward,robot_x,robot_y,goal_x,goal_y,goal_dist
collision,106,-63.314793927073296,1.4464088555105545,0.13585863046370664,4.051221020411962,1.8383465428484391,3.111834106477156
collision,46,-60.48373450606312,0.682956045289319,-0.09993808095805676,4.987299113290429,1.4402376543398638,4.5715982481676685
collision,53,-55.368745070172196,0.6250080508916968,0.016028044749011885,4.628429824978779,1.1648811826537282,4.165002933217224
collision,56,-64.1371960907162,0.7231019540932693,0.03259140002939856,4.622881252287994,1.7627524217798953,4.2663492280652395
collision,63,-69.05443883575549,0.8915297103238641,0.00509838050580306,4.858280299260166,1.1548386397220631,4.130013668075345
collision,39,-54.90618661477832,0.5907948945012151,-0.06828316423089216,4.4147588785750065,1.3042738421025937,4.062833160139442
collision,59,-55.62006685705551,0.9111503468378296,0.10389036794361058,4.656132284603122,1.4974246436145306,3.995851284977703
