event_type,step_count,episode_reward,robot_x,robot_y,goal_x,goal_y,goal_dist
collision,40,-56.483874954009835,0.7101856664669361,0.04046881770986881,4.1273161592081395,1.1655381105382643,3.59757720112955
timeout,150,-39.03848564852557,1.3132253977985444,-0.22397337123110986,4.685976314319297,1.1712069324494476,3.649928331442927
collision,127,-69.5462343446839,-0.05456938095211772,0.41233724935369065,4.614919961886487,1.4962204996797692,4.793634698558155
collision,96,-80.98899778424186,-0.7867606144250281,-0.35610434269710844,4.959089449358095,1.010319702648451,5.9060907229041995
collision,127,-62.69516192093652,0.7600375894371858,0.024577563797567467,4.254763810849473,1.7779670424002085,3.9099214859509708
