event_type,step_count,episode_reward,robot_x,robot_y,goal_x,goal_y,goal_dist
timeout,150,-40.93507117406078,1.0860130846755525,-0.07358220988292695,4.084327245224037,1.9801808806103733,3.6342579211192696
collision,48,-60.116176825844484,0.5076846467954107,-0.09719320420743255,4.996433274771616,1.1579841206051054,4.6609370690754695
collision,58,-55.57632449177319,0.5714123620696396,0.009111327086560175,4.417360322575352,1.047247218337577,3.983596596496888
collision,111,-60.14730229883234,0.7068474424900181,-0.12609998246124043,4.29902674861949,1.2264343130936426,3.838372205510685
timeout,150,-37.505408096788344,1.4526540361503255,0.0807929748900931,4.623028889342223,1.6674789428923524,3.545257264403644
timeout,150,-40.415709423997775,1.228597283557446,-0.19976191395083234,4.165489619998047,1.8877025113052368,3.6031714256406375
timeout,150,-37.414521118763076,1.8147800478069978,0.8464562536285608,4.45022909714636,1.8470531145166644,2.819004393342244
