event_type,step_count,episode_reward,robot_x,robot_y,goal_x,goal_y,goal_dist
timeout,150,-38.756981629370166,1.7579061518656414,-0.4950229964864833,4.353012105284626,1.9670172658430203,3.577180057363927
timeout,150,-33.307553501269034,2.0003409670335492,-0.16191466320800102,4.855243181764723,1.1300511841382437,3.133630866325206
timeout,150,-32.39668514734606,1.8309604287231669,0.49790127446234694,4.128005100356502,1.892172614545764,2.6870814638296885
timeout,150,-30.817544622822048,2.096309128960815,0.5681679544089514,4.902764674453222,1.607505241603215,2.9927269714054123
